EmployeeID,EmployeeName,EmployeeSurname,BranchID
2,cicek,Aydin,1757
10,Yaprak,Dereli,1757
30,Lokman,Tatlibal,1757
66,Yavuz,Yerliyurt,1757
43,Adem,Orkun,1757
38,Defne,Aksu,1219
67,Ece,Tekin,1219
63,Nur,Guven,1219
2,Celil,Nazim,1219
31,Lale,Demir,1219
69,Turgut,Gursoy,2033
39,Gamze,Parlak,2033
60,Leyla,Can,2033
77,Arif,Arslan,2033
37,Kevser,Yerliyurt,2033
89,Kevser,Hasanoglu,1329
69,Feray,Dal,1329
60,Tahsin,ozyurt,1329
92,Mutlu,Kurtoglu,1329
97,Pinar Eda,Aslan,1329
22,Tolga,ozdemir,1806
43,Ceylan,Dogan,1806
2,Nevin,Alkan,1806
45,Koray,Gun,1806
81,Banu,Dal,1806
36,Ali Fatih,Koc,1182
74,Zeki,Levent,1182
52,Burcu,Yildirim,1182
77,Gani,Tuna,1182
36,Ipek,Aydin,1182
95,Cumhur,Akman,1246
14,Murat Ali,Dere,1246
44,Ilgar,Okur,1246
53,Ceren,Kayaman,1246
36,Yagmur,caliskan,1246
38,Halil,Genc,1347
67,Sevda,Lapsekili,1347
51,Yagmur,sen,1347
23,Beste,Yenen,1347
55,Gonca,ozturk,1347
58,Arif,Aslan,1354
70,Tulin,Gezgin,1354
48,Okyay,Coskun,1354
82,cicek,cetinkaya,1354
39,Okyay,Gumus,1354
27,Nuh,Karakaya,1425
76,Berki,Yildirim,1425
7,Ali Fatih,Yigit,1425
90,Okyay,Altin,1425
24,Ceyda,Limoncu,1425
45,Turgut,Demir,1771
64,Yaprak,Koksal,1771
55,Hande,Baray,1771
55,Ada,Yenen,1771
27,Selin,Aksu,1771
59,Can Ali,Levent,1773
34,Gonca,Baray,1773
99,Ilgar,Altintas,1773
63,Aydin,Limoncu,1773
19,Elif Eda,Coskun,1773
83,Gul,Rasim,12
55,Utku,Sevgili,12
77,Hayal,Temiz,12
12,Oktay,Parlak,12
82,Doga,Koc,12
8,Oya,Gursoy,1239
7,Nadir,Gumus,1239
71,Cumhur,Bilgin,1239
40,Berki,Yavuz,1239
69,Mustafa Kemal,cetinkaya,1239
46,Kubra,Temiz,1906
10,Ilgaz,Tekin,1906
100,Kamile,Bozkurt,1906
99,Atakan,Dereli,1906
27,Hasan,Manavgat,1906
80,Ece,Ilgaz,1283
70,Mert,Karakaya,1283
86,Kemal,cetin,1283
37,Zeren,Kaya,1283
5,Feray,Zincir,1283
45,Tolga,Randa,1287
26,Damla,Dal,1287
1,Duygu,Bilgin,1287
96,Seha,caliskan,1287
43,Ziya,Yilmaz,1287
30,Ceyda,Altinbas,1301
27,Kerem,Bozkurt,1301
6,Alev,Arslan,1301
98,Altay,Altinbas,1301
41,Elif Eda,Tunali,1301
93,Ruzgar,Tunali,1379
84,Arzu,Zincir,1379
49,Nadir,Yenen,1379
94,Nil,Zeytin,1379
33,Altay,Sabir,1379
78,Can Ali,Yilmaz,1111
94,Gizem,Gun,1111
62,Zeki,Avci,1111
26,Halil,Bilgin,1111
29,Ercan,Zincir,1111
88,Arzu,Aydin,1363
22,Esin,Fenci,1363
5,Murat Ali,Ulusoy,1363
51,Kerem,Aksoy,1363
39,Tuna,seker,1363
63,Kaan,Ceviz,1368
97,Yavuz,ozkan,1368
71,Ceylan,Kayaman,1368
90,Okyay,simsek,1368
44,Altay,cetinkaya,1368
71,Yusuf,Yildirim,1938
97,Nil,Kayali,1938
33,Mustafa,Zeytin,1938
54,Furkan,ozkan,1938
31,Sevda,Randa,1938
21,Zeki,simsek,1134
15,Koray,ozkan,1134
87,Yavuz,Akyol,1134
86,Olcay,Egeli,1134
37,Gokhan,Yenen,1134
7,Hasan Ali,Koc,1524
9,Deniz Can,Can,1524
55,Eren,Hasanoglu,1524
72,Binnur,ozturk,1524
83,Ipek,Alptekin,1524
92,Zeki,Meteci,1872
82,Hasan,Aksu,1872
71,Ilgaz,Dogan,1872
54,Celil,Tekin,1872
61,Safa,Acar,1872
76,Lokman,Tekin,113
74,Bora,Demir,113
42,Ceylan,Can,113
27,Deniz Can,Yavuz,113
15,Selin,Ilgaz,113
91,Tahsin,Levent,1157
17,Damla,seker,1157
8,Perihan,Mutluer,1157
93,Canan,Baray,1157
42,Doruk,Sabir,1157
14,Yildiz,Akyol,1167
22,Varol,Demir,1167
12,Mehmet,Sezer,1167
29,Koray,Alptekin,1167
18,Sabri,Rasim,1167
56,Berki,Baray,1187
17,Papatya,Zincir,1187
55,Handan,Bilgili,1187
93,Fatih,Lapsekili,1187
41,Mustafa Ali,Aydin,1187
82,Ziya,Lapsekili,1121
82,Tolga,Ulusoy,1121
58,Zarife,Meteci,1121
92,Berki,Altinbas,1121
21,Vildan,Yenen,1121
98,Alara,Kayaman,2035
27,Lokman,Kurt,2035
54,Kaan,Kara,2035
18,Deniz Can,Can,2035
59,Feray,Tekin,2035
96,Burcu,Sevgili,1126
61,Elmas,sen,1126
5,Okyay,Limoncu,1126
72,Yagmur,Parlak,1126
46,Fatmanur,Uslu,1126
97,Adem,Manavgat,1811
87,Ruya,Bolluk,1811
55,Baran,Yavuz,1811
57,Murat,Dal,1811
81,Lokman,Yilmaz,1811
48,Can Umut,Parlak,2036
78,Pinar,Aksoy,2036
49,Yagmur,Gezgin,2036
70,Elif Eda,Kurt,2036
63,Gamze,Zincir,2036
16,Nevin,Egemen,1145
2,Kaya,Altinbas,1145
51,Gonca,Zincir,1145
54,Feray,Poyraz,1145
94,Ezgi,Tunali,1145
57,Erhan,Yerliyurt,1147
84,Aleyna,Temiz,1147
46,Ayce,Zeytin,1147
45,Ceyda,Yenen,1147
91,Papatya,Alkan,1147
8,Beste,Levent,1202
14,Mustafa Ali,seker,1202
91,Baran,Dere,1202
60,Tulin,cetinkaya,1202
26,Vildan,Yilmaz,1202
17,Murat Ali,Gumus,1395
84,Zeren,Demir,1395
34,Canan,Gun,1395
21,Yildiz,Aksoy,1395
24,Beste,sahin,1395
39,Vedat,Kaya,1152
72,Vildan,Vargil,1152
95,Nil,Sabir,1152
52,Safa,Meteci,1152
10,Hayal,Koc,1152
25,Nuh,Lapsekili,1206
23,Zarife,Uslu,1206
50,Ruzgar,Ilgaz,1206
9,Esra,Mutluer,1206
29,Ece,Tatlibal,1206
52,Esra,Uslu,1781
5,Fikret,Okur,1781
47,Vildan,celik,1781
24,Nuh,Aydin,1781
13,Yunus,Aksu,1781
30,Sevinc,Kayaman,1256
99,Eser,Alkan,1256
50,Hasan Ali,ozdemir,1256
10,Doruk,Alkan,1256
52,Ilgar,Egemen,1256
23,Sevda,Onur,2
48,Doga,Nalbant,2
89,Yagmur,ozdemir,2
45,Oya,Dal,2
81,Mert,Orkun,2
94,Levent,Levent,2076
50,Utku,Koksal,2076
39,Ali,Lapsekili,2076
58,Ercan,Ceviz,2076
80,Doga,Kaplan,2076
76,Tuna,Okur,2077
80,Ayse,ozkan,2077
79,Kamile,Genc,2077
12,Handan,Dogan,2077
69,Ceylan,Yildiz,2077
93,Ilgar,Akman,1161
63,Arzu,Fenci,1161
56,Burcu,Yildiz,1161
66,Arif,Nazim,1161
14,Ata,Levent,1161
22,Utku,Manavgat,1169
85,Vedat,Tekin,1169
35,Hayal,Levent,1169
13,Gonca,ozkan,1169
95,Ilgar,Temiz,1169
14,Gunes,Koc,1171
75,Arzu,Koc,1171
94,Perihan,ozturk,1171
58,Orhon,Bozkurt,1171
15,Fatih,ozkan,1171
43,Alev,sahin,1191
9,Gul,Karakaya,1191
70,Tahsin,Yerliyurt,1191
71,Deniz,simsek,1191
100,Yonca,Yavuz,1191
25,Murat Ali,Onur,121
73,Ece,Tunali,121
1,Sevda,Alkan,121
26,Ercan,Kaplan,121
43,Utku,Bilgic,121
89,Tolga,Gezgin,1359
89,Uzay,Gursoy,1359
71,Fatmanur,Arslan,1359
36,Yonca,Hasanoglu,1359
40,Can Ali,Yavuz,1359
71,Atakan,Can,1948
58,Alev,ozyurt,1948
41,Alev,Alptekin,1948
70,Doruk,Kilic,1948
82,Gizem,Koksal,1948
71,Ipek,Tuna,1192
59,Ipek,Ilgaz,1192
36,Ruzgar,Zincir,1192
12,Ada,Gezgin,1192
97,Ceyda,cetin,1192
32,Can Umut,Coskun,1559
29,Damla,Avci,1559
49,Baykam,sen,1559
87,Kerem,Yigit,1559
100,Gul,Tuna,1559
20,Safa,Onur,175
56,Arzu,Altintas,175
67,Nur,Tuna,175
13,Fatih,Orkun,175
15,Gul,Tunali,175
37,Tolga,Ekermen,1344
31,Can Ali,Temiz,1344
85,Yagmur,Yildiz,1344
58,Ata,Gezgin,1344
58,Koray,Akman,1344
38,Safa,Kara,1446
100,Gulay,Orkun,1446
8,Ilgaz,Sabir,1446
11,Adem,Gumus,1446
92,Inci,ozyurt,1446
34,Canan,Nazim,1475
15,Tulin,Levent,1475
2,Canan,Gezgin,1475
80,Duygu,Sevgili,1475
36,Ege,Dereli,1475
60,Orhon,Tunali,1193
94,Fatma,Yildirim,1193
55,Papatya,Genc,1193
55,Arif,Baray,1193
54,Pinar Eda,Okur,1193
78,Atakan,Rasim,1106
97,Mine,Koc,1106
78,Perihan,Koksal,1106
45,Beste,Lapsekili,1106
89,Elmas,Tekin,1106
39,Doga,ozkan,1112
85,Umut,Yildiz,1112
62,Kemal,Gezgin,1112
32,Vildan,Ekermen,1112
92,Mustafa,Levent,1112
70,Alara,Mutluer,1798
65,Erhan,Nalbant,1798
16,Aleyna,Coskun,1798
74,Gunes,Manavgat,1798
74,Gamze,Levent,1798
8,Ege,Kurtoglu,1394
95,Tulin,Hasanoglu,1394
79,Arif,Demir,1394
75,Canan,Ilgaz,1394
93,Can,caliskan,1394
88,Eda,Ilgaz,1196
38,Ipek,Altin,1196
40,Ali Fatih,Sezer,1196
57,Ali Fatih,Tunali,1196
76,Zarife,cetin,1196
21,Alara,Bolluk,1916
14,Beste,Temiz,1916
96,Inal,Demir,1916
79,Mutlu,Onur,1916
86,Tulin,Kurt,1916
53,Buket,Poyraz,1346
93,Aleyna,Egeli,1346
87,Arif,Yigit,1346
95,Hasan Ali,simsek,1346
47,Ayse,Gun,1346
60,Kevser,Kurtoglu,1364
24,Lokman,Alkan,1364
75,Ada,Akman,1364
80,Irmak,Kurtoglu,1364
36,Gul,Kurt,1364
43,Yagmur,Sezer,1466
15,Kaya,Dereli,1466
8,Ayhan,Tuna,1466
41,Doga,Egeli,1466
78,Hasan,Dal,1466
4,Koray,sahin,1522
98,Yagmur,Randa,1522
70,Ayce,Kayali,1522
27,Zeren,Lapsekili,1522
83,Alev,ozdemir,1522
3,Damla,Demir,1109
23,Sevda,Alkan,1109
58,Filiz,Egeli,1109
7,Arif,Yerliyurt,1109
37,Buket,Aksoy,1109
75,Orhan,Dal,1874
93,Levent,Tunali,1874
33,Ceren,cetin,1874
37,Gulay,sen,1874
55,Mehmet Ali,Avci,1874
62,Ali,Yenen,1211
13,Feray,Okur,1211
7,Ata,Mutluer,1211
98,Bilge,Lapsekili,1211
99,Gunes,celik,1211
99,Yildiz,ozkan,1899
96,Mehmet,Zeytin,1899
58,Lale,Koksal,1899
13,Lokman,Kilic,1899
14,Suna,Meteci,1899
80,Fatma,Akyol,1903
52,Kaan,caliskan,1903
85,Yunus Emre,Altin,1903
80,Doga,Meteci,1903
72,Pamir,Aydin,1903
71,Atakan,Randa,1783
92,Pamir,Okur,1783
100,Tahsin,Okur,1783
32,Deniz,Gursoy,1783
93,Feray,Gursoy,1783
91,Deniz,Dereli,1343
20,Hulya,Egeli,1343
69,Ercan,Karakaya,1343
11,Arif,Gumus,1343
32,Ercan,Kaplan,1343
4,Hande,seker,1935
92,Elmas,Kayali,1935
97,Mustafa Ali,cetin,1935
26,Levent,seker,1935
72,Pamir,Arslan,1935
26,Aleyna,Kurtoglu,1799
56,Furkan,Kayaman,1799
20,Kemal,Gun,1799
70,Gamze,Aslan,1799
36,Pinar,Yildirim,1799
62,Ceylan,Sevgili,1411
37,Turgut,Arslan,1411
11,Defne,Tatlibal,1411
30,Mustafa Ali,Gun,1411
60,Hasan Ali,Levent,1411
80,Mustafa Ali,Ceviz,116
66,Canan,Egemen,116
52,Leyla,Zincir,116
87,Irmak,Sabir,116
76,Banu,Yildirim,116
54,Deniz,Orkun,118
40,Yaprak,Kaplan,118
60,Sabri,Koc,118
40,Ruzgar,Tuna,118
34,Nuh,Aslan,118
50,Jale,Dal,119
38,Ruzgar,Bolluk,119
99,Tulin,Dal,119
26,Bilge,Zincir,119
50,Ayhan,Ceviz,119
96,Gokhan,Kilic,1205
67,Selin,Bozkurt,1205
86,Arif,Kaplan,1205
25,Erhan,Koksal,1205
17,Melis,Kara,1205
63,Doruk,Yenen,1229
77,Hulya,Gursoy,1229
82,Nur,Rasim,1229
84,Ada,ozyurt,1229
91,Mehmet Ali,Kaplan,1229
74,Ezgi,Kaya,1765
22,Ali,simsek,1765
13,Gul,Kilic,1765
52,Volkan,ozdemir,1765
92,Tuna,Avci,1765
3,Hayal,Yilmaz,1885
22,Yusuf,Kayaman,1885
84,Canan,ozyurt,1885
26,Ata,Sezer,1885
19,Ayhan,Ulusoy,1885
42,Peyami,Demir,1248
25,Derya,Aksoy,1248
44,Mustafa Ali,Tunali,1248
39,Yagmur,Nazim,1248
21,Bilge,Yigit,1248
48,Turgut,Bilgic,13
38,Mehmet,Altinbas,13
30,Deniz Can,Arslan,13
8,Kamile,sen,13
70,Furkan,ozkan,13
82,Fatma,Bilgin,1399
75,Aleyna,ozyurt,1399
8,Fikret,cetin,1399
62,Aydin,Lapsekili,1399
52,Gokhan,Gezgin,1399
7,Berki,Meteci,1124
84,Efe,Dereli,1124
20,Esra,Koksal,1124
35,Lale,ozturk,1124
99,Ege,Okur,1124
57,Gani,Kara,1177
27,Zeki,Gursoy,1177
3,Beste,Sezer,1177
99,Hasan Tahsin,sen,1177
57,Hasan Ali,Bilgili,1177
78,Defne,Aksoy,1778
99,Safa,Sevgili,1778
80,Furkan,Avci,1778
21,Elif,Guven,1778
5,Baykam,Kaplan,1778
35,Murat Ali,Gun,1911
25,Buket,Rasim,1911
38,Nuh,Dere,1911
34,Murat,Can,1911
6,Lokman,Sabir,1911
30,Peyami,Coskun,1414
63,Arif,Altin,1414
39,Deniz,Tekin,1414
90,Yildiz,Limoncu,1414
32,Fatih,Sevgili,1414
74,Ezgi,Yildiz,1769
77,Efe,Akyol,1769
41,Feray,Hasanoglu,1769
72,Kaan,Ilgaz,1769
66,Baykam,Bilgin,1769
36,Umut,Arslan,1881
97,Vedat,Tekin,1881
9,Irmak,Yildiz,1881
47,Ipek,cetinkaya,1881
75,Baran,Kara,1881
95,Ilgar,caliskan,1774
34,Tolga,Tekin,1774
87,Lale,Aydin,1774
1,Rahmi,Lapsekili,1774
53,Mert,Gun,1774
92,Suna,seker,1888
56,Can Umut,Alkan,1888
58,Safa,Uslu,1888
25,Deniz Can,Dogan,1888
50,Gani,Zincir,1888
62,Elmas,Meteci,1889
95,Bahar,Hasanoglu,1889
81,Can Ali,Avci,1889
46,Melis,caliskan,1889
93,Ruhi,celik,1889
47,Necdet,Tunali,204
3,Tahsin,Acar,204
49,Filiz,Egeli,204
83,Mustafa,Ekermen,204
36,Doruk,Ilgaz,204
56,Nadir,Akman,1195
73,Gonca,Dereli,1195
55,Yavuz,Yerliyurt,1195
34,Feray,Kaya,1195
48,Yusuf,Levent,1195
15,Peyami,Sevgili,1249
91,Can Ali,cetin,1249
100,Elmas,Tekin,1249
70,Nurperi,Egeli,1249
77,Kevser,Aydin,1249
69,Necdet,Onur,1253
57,Yunus,Kayali,1253
69,Fikret,Egeli,1253
63,Selin,Tuna,1253
62,Bahar,Limoncu,1253
74,Okyay,ozkan,1263
5,Alev,Zeytin,1263
75,Tolga,Sezer,1263
62,Turgut,caliskan,1263
50,Varol,Altin,1263
97,Damla,Karakaya,1307
96,Bahar,Yilmaz,1307
90,Can,Manavgat,1307
25,Levent,Tatlibal,1307
3,Safa,Tekin,1307
88,Ali,Gumus,1385
81,Peyami,seker,1385
20,Tuba,Tekin,1385
5,Peyami,Vargil,1385
80,Esra,Demir,1385
93,Umut,Mutluer,1412
30,Nevin,Zincir,1412
60,Ipek,Koc,1412
81,Gul,Dere,1412
23,Aydin,caliskan,1412
97,Yagmur,Bozkurt,1464
87,Mehmet,Alkan,1464
27,Irmak,Kurt,1464
18,Berki,Gursoy,1464
16,Beste,Vargil,1464
88,Okyay,Dereli,1502
10,Ayce,Genc,1502
27,Defne,Tuna,1502
48,Yaprak,Yerliyurt,1502
66,Tuna,Demir,1502
30,Gunes,Gumus,111
89,Kamile,simsek,111
34,Deniz Can,Gursoy,111
30,Yildiz,Limoncu,111
42,Koray,cetin,111
54,Lokman,simsek,1873
71,Duygu,seker,1873
41,Mustafa Ali,Parlak,1873
39,Bahar,Dal,1873
51,Yildiz,Egemen,1873
51,Duygu,Aydin,1762
27,Ege,Bilgili,1762
24,Orhon,caliskan,1762
84,Yagmur,Baray,1762
11,Sema,Gumus,1762
89,Ali Emin,ozyurt,1173
98,Baran,Fenci,1173
16,Doruk,sahin,1173
25,Selin,Akyol,1173
78,Gani,Sevgili,1173
7,Safa,Kaya,1438
87,Duygu,Yilmaz,1438
72,Aleyna,Nazim,1438
42,Ceylan,sen,1438
82,Volkan,Temiz,1438
15,Levent,Kayali,1243
57,Yavuz,Dal,1243
52,Orhon,Karakaya,1243
83,Yaprak,Tuna,1243
48,Ayhan,Gezgin,1243
65,Oya,seker,1406
51,Doga,Egemen,1406
73,Hasan,Akman,1406
24,Gulay,Demir,1406
72,Yonca,Aksoy,1406
30,Cumhur,seker,1459
86,Melis,sen,1459
80,Kamile,seker,1459
47,Mustafa Ali,sen,1459
28,Melek,Dogan,1459
4,Tahsin,Baray,146
11,Efe,Onur,146
87,Can Umut,Demir,146
100,Binnur,Gursoy,146
4,Papatya,Nalbant,146
81,Ruya,Gumus,1318
67,Ceren,Dogan,1318
83,Perihan,Arslan,1318
47,Binnur,Hasanoglu,1318
78,Gunes,Yerliyurt,1318
57,Ceren,Ceviz,1153
49,Burcu,Tatlibal,1153
29,Pinar,Yenen,1153
7,Suna,Can,1153
68,Fulya,Demir,1153
67,Bilge,Nalbant,1945
50,Levent,Gezgin,1945
17,Nadir,Bilgili,1945
28,Hande,Aksoy,1945
28,Baykam,Yigit,1945
11,Bora,Fenci,1235
10,Yagmur,Ekermen,1235
71,Kaya,Egeli,1235
66,Mutlu,Bilgic,1235
84,Defne,Fenci,1235
16,Elif Eda,Tatlibal,1392
89,Altay,Kaplan,1392
30,Yagmur,Alptekin,1392
93,Tuba,Alptekin,1392
10,Gizem,Aksoy,1392
72,Mehtap,Zincir,1396
71,cicek,Hasanoglu,1396
70,Efe,Yavuz,1396
84,Nurperi,Bilgic,1396
64,Mustafa Ali,Tunali,1396
29,Tolga,Parlak,1759
55,Furkan,Tekin,1759
47,Atakan,Ekermen,1759
33,Burcu,Kurtoglu,1759
1,Oya,Koksal,1759
45,Yaprak,Mutluer,1777
47,Ziya,Yavuz,1777
45,Vedat,Nazim,1777
31,Handan,Guven,1777
96,Baran,Tatlibal,1777
89,Gul,Vargil,1255
59,Kutay,Bozkurt,1255
77,Melek,Tunali,1255
48,Murat,Arslan,1255
21,Hasan,Ulusoy,1255
70,Zarife,Yildiz,1934
71,Mehtap,Alkan,1934
1,Ilgar,Sevgili,1934
54,Alara,Zincir,1934
82,Ipek,Gun,1934
82,Esin,Koc,1939
23,Nadir,Fenci,1939
25,Umut,caliskan,1939
92,Gul,Yilmaz,1939
92,Rahmi,Nazim,1939
78,Peyami,Ekermen,1139
64,Nur,Kara,1139
7,Can,Yildiz,1139
15,Melek,Tuna,1139
15,Fatmanur,Acar,1139
1,Defne,Vargil,1415
42,Ali,Nalbant,1415
23,Burcu,Altinbas,1415
7,Furkan,Yildiz,1415
60,Bora,Baray,1415
24,Sevinc,Nazim,1956
75,Fulya,Gumus,1956
17,Ege,Guven,1956
17,Zarife,Kilic,1956
19,Can Umut,Poyraz,1956
57,Sevinc,Onur,1546
14,Nur,ozdemir,1546
19,Ziya,Ceviz,1546
83,Eda,Okur,1546
3,Derya,celik,1546
40,Oktay,Ekermen,1974
20,Nadir,ozkan,1974
93,Rahmi,Egemen,1974
85,Ece,Karakaya,1974
76,Handan,Kaya,1974
94,Mutlu,Orkun,1133
27,Berki,Poyraz,1133
77,Levent,Vargil,1133
6,Ezgi,sahin,1133
68,Celil,simsek,1133
41,Eren,Zeytin,1212
83,Buket,Bilgin,1212
18,ulku,Ceviz,1212
64,Alev,Egeli,1212
50,Nil,Yildiz,1212
52,Aysel,cetinkaya,1893
55,Sevda,Tunali,1893
94,Hande,Aslan,1893
32,Tulin,Baray,1893
93,Doga,Karakaya,1893
99,Oya,Limoncu,1894
81,Doruk,Arslan,1894
40,Atakan,ozdemir,1894
43,Perihan,Yenen,1894
71,Elif Eda,Kayali,1894
46,Baran,Ekermen,1272
46,Orhan,Altintas,1272
13,Bora,Temiz,1272
23,Koray,Yerliyurt,1272
88,Yavuz,Bilgin,1272
59,Yunus,Gursoy,1458
90,Filiz,Alkan,1458
57,Fulya,Sabir,1458
9,Gizem,Manavgat,1458
3,Bilge,Temiz,1458
20,Fatma,Altin,1822
52,Cumhur,Meteci,1822
9,Ceyda,Alkan,1822
8,Fatih,Yavuz,1822
65,Yagmur,Koksal,1822
79,Kubra,celik,1971
96,Nuh,Nalbant,1971
14,Kevser,Dal,1971
54,Orhon,Limoncu,1971
100,Mert,Orkun,1971
37,Ali Emin,Zincir,1369
7,Perihan,celik,1369
4,Sema,sahin,1369
82,Ruzgar,Tatlibal,1369
22,Kubra,Altinbas,1369
40,Mehmet,Temiz,166
43,Melis,Arslan,166
7,Sevinc,Tuna,166
42,Ayce,Gezgin,166
12,Vedat,Tunali,166
48,Zeki,sahin,1261
91,Olcay,Temiz,1261
88,Canan,Yigit,1261
4,Orhan,Manavgat,1261
97,Filiz,Can,1261
65,Mustafa Ali,ozkan,1377
48,Yaprak,Kaya,1377
60,Gani,Alptekin,1377
79,Gani,Kurt,1377
79,Altay,Bilgili,1377
78,Tolga,Tatlibal,1656
32,Gizem,Lapsekili,1656
60,Ece,Kaplan,1656
44,Kutay,cetinkaya,1656
22,Ayse,Aslan,1656
76,Ege,Manavgat,1737
7,Tuba,Limoncu,1737
67,Mustafa Ali,Kilic,1737
54,Gani,Egemen,1737
66,Eren,Ekermen,1737
8,Ruya,Parlak,1131
16,Ege,Arslan,1131
82,Arzu,Yilmaz,1131
19,Ayce,Kaplan,1131
48,Zeki,Aslan,1131
99,Gani,Baray,208
79,Nurperi,Kara,208
54,Nevin,Rasim,208
5,Ruya,Tatlibal,208
56,Seha,Altin,208
81,cicek,Parlak,2081
62,Pinar,simsek,2081
87,Yagmur,Baray,2081
62,Ali Emin,Sabir,2081
25,Berki,Yavuz,2081
9,Mustafa,Ekermen,1887
47,Volkan,Kayaman,1887
98,Yagmur,ozturk,1887
17,Ayce,Altin,1887
28,Ruhi,Bilgin,1887
9,Gizem,Kayali,2082
39,Arzu,Ekermen,2082
99,Nil,ozkan,2082
19,Levent,ozdemir,2082
69,Banu,Bolluk,2082
21,Yunus Emre,Kara,1755
91,Mutlu,sen,1755
1,Deniz Can,Ekermen,1755
66,Hulya,Kayali,1755
84,Seha,Tuna,1755
43,Baykam,Okur,1154
94,Yunus Emre,Temiz,1154
24,Doga,Okur,1154
87,Nadir,Limoncu,1154
84,Orhon,Nalbant,1154
95,Tahsin,Alptekin,1297
41,Ege,Bilgin,1297
84,Can Umut,Manavgat,1297
64,Irmak,sahin,1297
100,Banu,Bilgin,1297
21,Cumhur,Yenen,1341
88,Uzay,Gumus,1341
67,Gokhan,Levent,1341
16,Yonca,seker,1341
67,Gizem,Altin,1341
75,Handan,Kara,1929
54,Yonca,Ilgaz,1929
28,Ali,sen,1929
70,Nuh,Gumus,1929
10,Eda,Tuna,1929
7,Yagmur,ozyurt,2064
98,Lokman,Aslan,2064
8,Erhan,Kayali,2064
70,Deniz Can,Nalbant,2064
47,Gokhan,Alkan,2064
16,Murat,Tuna,1135
95,Eren,Tekin,1135
92,Aleyna,Acar,1135
71,Ayhan,Kaya,1135
36,Ali Emin,Aksoy,1135
15,Ruzgar,Kurtoglu,1766
75,Mutlu,Kilic,1766
38,Ruhi,sen,1766
82,Eda,Dal,1766
45,Halil,Tunali,1766
2,Kaya,Kayaman,1779
76,Doruk,Nazim,1779
53,Fikret,Ceviz,1779
21,Yavuz,Ceviz,1779
34,Deniz Can,Manavgat,1779
97,Tulin,Egeli,1892
100,Nil,Koc,1892
94,Ayse,Altintas,1892
100,Damla,cetinkaya,1892
87,Suna,Koksal,1892
5,Bahar,Gumus,1103
75,Irmak,Sezer,1103
39,Kaya,Ilgaz,1103
93,Can Ali,Genc,1103
94,Eser,Can,1103
45,Kubra,Dal,2048
65,Ilgaz,Tunali,2048
33,Ceyda,Tuna,2048
48,Yusuf,Bozkurt,2048
82,Duygu,Bozkurt,2048
30,Lokman,Uslu,2049
41,Ilgaz,Yildiz,2049
43,Papatya,sahin,2049
1,Fatih,Ulusoy,2049
7,Volkan,Poyraz,2049
97,Pinar Eda,Fenci,2003
23,Mine,sen,2003
5,Gizem,Kayaman,2003
65,Ipek,ozturk,2003
83,Feray,Koksal,2003
93,Turgut,Akman,2004
22,Safa,ozdemir,2004
64,Damla,simsek,2004
50,Suna,Kilic,2004
87,Tuna,Kayaman,2004
73,Fikret,Zeytin,1128
78,Sevda,Mutluer,1128
83,Esin,Parlak,1128
56,Ziya,Rasim,1128
70,Feray,Ceviz,1128
2,Banu,Nazim,2006
12,Tahsin,Acar,2006
50,Pinar Eda,Kara,2006
66,Ata,Altintas,2006
68,Fikret,Levent,2006
51,Deniz Can,Ilgaz,1178
63,Yusuf,Kurt,1178
34,Eda,Nazim,1178
81,Deniz,Yenen,1178
17,Pinar,Tatlibal,1178
90,Tulin,Vargil,2056
81,Deniz Can,Bilgin,2056
23,Safa,Genc,2056
58,Okyay,Bozkurt,2056
87,Fatmanur,Manavgat,2056
47,Suna,cetin,1181
16,Mutlu,Ulusoy,1181
90,Yildiz,ozkan,1181
30,Ali Emin,Gezgin,1181
71,Mustafa Kemal,ozturk,1181
38,Banu,Bilgili,1756
72,Yavuz,Kilic,1756
20,Esra,Dereli,1756
71,Turgut,Nalbant,1756
80,Gokhan,Kilic,1756
56,Vedat,Arslan,1149
43,Canan,Bilgic,1149
79,Baykam,Aksoy,1149
25,Kemal,Guven,1149
45,Mehmet,Lapsekili,1149
78,Oktay,cetinkaya,1279
66,Umut,Altintas,1279
14,Atakan,Levent,1279
28,Esin,Yavuz,1279
57,Hande,Randa,1279
68,Yunus,Yildirim,1424
67,Rahmi,Dereli,1424
78,Ilgaz,Tunali,1424
83,Papatya,Aksu,1424
10,Bilge,Alptekin,1424
42,Mustafa Kemal,Vargil,1447
94,Arzu,Yigit,1447
93,Murat Ali,Koksal,1447
92,Altay,simsek,1447
51,Mehtap,Tunali,1447
94,Eda,Avci,1101
96,Yagmur,Kayaman,1101
51,Fulya,Dere,1101
14,Papatya,Nalbant,1101
22,Gunes,Demir,1101
42,Lokman,Kaya,1867
54,Filiz,Parlak,1867
35,Berki,Kayali,1867
81,Rahmi,ozkan,1867
81,Tulin,Okur,1867
68,Volkan,Bozkurt,114
95,Kamile,sen,114
28,Zeren,Yilmaz,114
99,Gulay,Manavgat,114
65,Murat,Avci,114
92,Ali Fatih,Lapsekili,1162
72,Elif,Kara,1162
84,Levent,Alptekin,1162
10,Ayhan,Akyol,1162
24,Seha,Kaya,1162
17,Papatya,Nalbant,1208
36,Gul,Rasim,1208
9,Yavuz,Poyraz,1208
77,Murat Ali,sen,1208
19,Baran,Kurt,1208
61,Yonca,Altintas,1752
74,Mehmet,Demir,1752
90,Kubra,seker,1752
26,Tuba,Sabir,1752
80,Zeren,seker,1752
25,Baran,Dogan,1218
89,Kutay,Nazim,1218
3,Tolga,Yildiz,1218
23,Jale,Parlak,1218
48,Safa,sahin,1218
41,Halil,Kaplan,1275
54,Furkan,ozkan,1275
14,Yildiz,Bilgic,1275
76,Aydin,Altintas,1275
24,Nuh,Gumus,1275
69,Alev,celik,133
18,Altay,Poyraz,133
93,Melis,Manavgat,133
18,Pinar Eda,Aksu,133
9,Aleyna,Kurtoglu,133
65,Kevser,celik,1936
56,Elif Eda,Alkan,1936
65,Feray,Vargil,1936
24,Elif Eda,Dere,1936
27,Zarife,ozkan,1936
51,ulku,Ekermen,1163
34,Defne,Dogan,1163
32,Ruya,Bilgili,1163
7,Lokman,Yilmaz,1163
66,Mert,Sabir,1163
37,Hasan,Temiz,127
56,Hasan Ali,Dogan,127
49,Ali Emin,Lapsekili,127
37,Tolga,Lapsekili,127
7,Fikret,Zeytin,127
3,Safa,Nalbant,148
56,Ali Emin,Koc,148
64,Duygu,Egeli,148
63,Sabri,Aslan,148
91,Mine,Lapsekili,148
41,Kamile,Dal,1505
79,Murat,Ceviz,1505
14,Kutay,Nalbant,1505
65,Utku,seker,1505
37,Buket,Koc,1505
9,Hasan Ali,Alkan,1471
74,Ata,Dogan,1471
2,Bilge,Demir,1471
15,Furkan,Yavuz,1471
45,Mehmet Ali,Bozkurt,1471
58,Elmas,Yenen,1869
1,Esra,Coskun,1869
3,Gulay,ozturk,1869
98,Orhon,ozturk,1869
67,Aysel,Tuna,1869
29,Ceylan,Zeytin,1754
16,Tuba,Kilic,1754
20,Ilgar,sahin,1754
60,Ali Fatih,Egemen,1754
42,Inci,Baray,1754
30,Ata,Alkan,189
87,Esin,Kurtoglu,189
99,Sabri,Karakaya,189
18,Ege,Dal,189
48,Beste,Dere,189
36,Tolga,Kayaman,1254
60,Ilgaz,Yavuz,1254
58,Can,Kayali,1254
26,Gizem,Aydin,1254
2,Cumhur,Avci,1254
82,Necdet,Manavgat,1429
75,Canan,Gezgin,1429
11,Bora,Aydin,1429
43,Umut,Lapsekili,1429
63,Kaan,Aksu,1429
57,Ata,Yerliyurt,2058
69,Feray,Nazim,2058
33,Yagmur,Egemen,2058
14,Aysel,Ilgaz,2058
27,Berki,seker,2058
9,Ata,sahin,2059
10,Mehtap,Randa,2059
28,Inci,Coskun,2059
73,Kaan,Coskun,2059
46,Suna,Dogan,2059
91,Doga,Aslan,206
12,Mehtap,Kurt,206
27,Okyay,Poyraz,206
50,Gizem,ozdemir,206
64,Cumhur,ozdemir,206
64,Yagmur,Gun,203
28,Nadir,Arslan,203
42,Nurperi,sahin,203
90,Zeren,Altinbas,203
19,Kevser,Altin,203
20,Burcu,cetin,2061
47,Furkan,Yenen,2061
70,Ayhan,Yildirim,2061
1,Lale,Zincir,2061
86,Elif Eda,Avci,2061
71,Can Umut,Yildiz,1868
8,Gizem,Dereli,1868
22,Doga,Kurt,1868
96,Ziya,Meteci,1868
89,Ercan,Egeli,1868
100,Hasan Tahsin,Gumus,1753
84,Zeki,Kaya,1753
13,Hulya,Levent,1753
7,Erhan,Ulusoy,1753
20,Can,cetinkaya,1753
62,Jale,Ilgaz,1122
68,Inci,Aksu,1122
92,Uzay,Koksal,1122
47,Sabri,Bilgic,1122
57,Deniz,Manavgat,1122
19,Filiz,Altinbas,176
9,Ege,Yildirim,176
6,Ege,Genc,176
83,Gonca,Can,176
79,Papatya,Sevgili,176
81,Ali Fatih,Sezer,1188
27,Derya,Avci,1188
86,Inci,Fenci,1188
76,Can Ali,Lapsekili,1188
57,Peyami,ozkan,1188
49,Kaan,Mutluer,1132
68,Uzay,Altintas,1132
36,Can Umut,Zincir,1132
4,Oya,Ulusoy,1132
79,Safa,Yilmaz,1132
42,Oya,Aksu,1764
16,Leyla,Alptekin,1764
82,Can,Limoncu,1764
90,Seha,Altinbas,1764
29,Mehtap,Gun,1764
55,Kutay,Levent,1898
37,Kemal,Kayali,1898
9,Beste,Dogan,1898
97,Ege,Yavuz,1898
1,Doga,cetinkaya,1898
52,Alara,Alptekin,1288
51,Nil,Bolluk,1288
26,Yagmur,Dal,1288
15,Ruhi,Vargil,1288
40,Rahmi,Baray,1288
8,Ilgaz,Kayali,179
14,Necdet,cetin,179
23,Lale,Kaya,179
67,Efe,Yerliyurt,179
74,Ayce,Nazim,179
88,Naz,sahin,1114
4,Deniz Can,Nalbant,1114
63,Deniz,Aydin,1114
4,Rahmi,Yerliyurt,1114
53,Kaan,Aksu,1114
52,Arzu,Karakaya,1143
63,Efe,Gun,1143
92,Lale,Nalbant,1143
11,Fatmanur,Egemen,1143
80,Utku,Aydin,1143
26,Yildiz,ozturk,1148
19,Tulin,Egeli,1148
29,Ilgar,Zincir,1148
21,Yusuf,caliskan,1148
74,Zeren,Coskun,1148
59,Olcay,Baray,1772
17,Nuh,Tunali,1772
6,Feray,Dere,1772
27,Fulya,Manavgat,1772
68,Utku,Meteci,1772
28,Kerem,Mutluer,1265
20,Ada,Yilmaz,1265
77,Ali,Kilic,1265
40,Buket,Avci,1265
26,Can Umut,Egeli,1265
15,Yaprak,Manavgat,1751
88,Ilgaz,Aydin,1751
85,Tolga,Aksoy,1751
52,Yunus Emre,Arslan,1751
41,Utku,Coskun,1751
47,Yunus,Genc,1118
43,Sabri,Ekermen,1118
5,Fatmanur,Kurtoglu,1118
25,Eda,Kara,1118
9,Yildiz,Alkan,1118
15,Halil,Rasim,1127
80,Ceyda,Baray,1127
71,Fatih,Limoncu,1127
59,Selin,Nazim,1127
17,Mustafa Kemal,seker,1127
56,Mehmet,Koc,1269
63,Ilgar,simsek,1269
90,Deniz Can,sahin,1269
93,Deniz Can,Arslan,1269
60,Nadir,Parlak,1269
15,Furkan,Altintas,1793
34,Adem,Kara,1793
24,Kemal,Alptekin,1793
92,Kaya,Kaya,1793
70,Ceyda,Yilmaz,1793
47,Fikret,Dogan,1107
28,Suna,Akyol,1107
88,Utku,sahin,1107
75,Hasan,Dere,1107
60,Sema,Kilic,1107
41,Uzay,Aksoy,1136
96,Eser,Temiz,1136
92,Altay,Tunali,1136
10,Burcu,Fenci,1136
80,Gunes,Egemen,1136
42,Ali,Nalbant,1785
51,Melis,Altintas,1785
14,Okyay,Bilgic,1785
30,Arzu,cetinkaya,1785
64,Binnur,Zeytin,1785
27,Can,Temiz,2084
68,Ezgi,Ulusoy,2084
21,Mehmet,Yilmaz,2084
27,Melis,Dere,2084
95,Zeki,Egemen,2084
21,Damla,ozturk,1919
78,Damla,Yildirim,1919
18,Nuh,Kaya,1919
40,Yonca,Tekin,1919
64,Mehtap,Bilgili,1919
54,Handan,Okur,1787
35,Pinar,Can,1787
4,Bora,Guven,1787
24,Varol,Koksal,1787
63,Arif,Karakaya,1787
49,Gamze,Lapsekili,1273
9,Rahmi,Kara,1273
70,Suna,Gursoy,1273
81,Yavuz,Manavgat,1273
27,Fatmanur,Ilgaz,1273
46,Sevda,Kayali,1474
39,Murat Ali,sahin,1474
92,Ziya,Bilgic,1474
38,Mustafa Ali,Tunali,1474
76,Mehtap,Temiz,1474
83,Altay,Manavgat,1519
41,Zarife,Manavgat,1519
76,Eda,Kilic,1519
84,Ceyda,Kara,1519
9,Kaya,Levent,1519
85,Esin,Tuna,1526
82,Ege,Tekin,1526
22,Inci,Dereli,1526
84,Doruk,Aslan,1526
43,Mehmet,Aslan,1526
42,Mustafa Kemal,Manavgat,1197
11,Suna,Meteci,1197
4,Oya,Bilgili,1197
31,Ruya,Gursoy,1197
71,Zeren,Avci,1197
19,Cumhur,Kaplan,1742
7,Ayce,Nalbant,1742
27,Tuna,Karakaya,1742
49,Ali Emin,Kurtoglu,1742
32,Tulin,Koc,1742
58,Melek,ozkan,1266
48,Zarife,Kayali,1266
26,Mehmet,Kayaman,1266
62,Kubra,Koc,1266
61,Mustafa Kemal,Rasim,1266
90,Nuh,Dogan,1331
6,Sevinc,Kara,1331
94,Defne,Bolluk,1331
14,Ercan,Bilgic,1331
31,Mustafa Kemal,Nalbant,1331
29,Nadir,Yerliyurt,1958
7,Kemal,Uslu,1958
4,Can Ali,Akyol,1958
14,Orhon,Okur,1958
66,Alara,Kayali,1958
73,Melis,Aksoy,1213
74,Berki,Guven,1213
8,Bora,Kara,1213
66,Atakan,Koc,1213
70,Elif,Rasim,1213
44,Ezgi,Lapsekili,1801
100,Kubra,Rasim,1801
11,Fulya,Yavuz,1801
42,Levent,Kurt,1801
16,ulku,Ekermen,1801
48,Yavuz,Tatlibal,1964
2,Ezgi,Altintas,1964
80,Ali Fatih,Alkan,1964
74,Furkan,Levent,1964
35,Yagmur,Kara,1964
49,Elmas,Kaya,151
34,Pinar Eda,Aydin,151
94,Kutay,Guven,151
30,Mustafa Kemal,ozkan,151
84,Orhon,Akyol,151
86,Varol,Genc,1534
77,Ayce,Dereli,1534
94,Yonca,Akman,1534
91,Ali,Hasanoglu,1534
86,Eda,Acar,1534
64,Nil,Kurt,1749
67,Gani,Levent,1749
8,Doga,caliskan,1749
96,Fulya,caliskan,1749
88,Umut,Akman,1749
80,Fatih,Nalbant,1155
43,Ruzgar,Orkun,1155
94,Halil,Genc,1155
17,Yonca,Tatlibal,1155
24,Gulay,Yildiz,1155
60,Kaan,Sabir,1274
38,Ilgar,Lapsekili,1274
7,Murat Ali,Genc,1274
54,Handan,Limoncu,1274
98,Fatih,Guven,1274
44,Bahar,Egeli,1367
45,Alara,Akyol,1367
71,Gizem,Kayaman,1367
58,Aleyna,Randa,1367
10,Hayal,Ekermen,1367
64,Baran,Fenci,1374
40,Esra,Onur,1374
16,Koray,Dere,1374
78,Ilgaz,Baray,1374
68,Yonca,Uslu,1374
60,Gulay,Kayali,1876
76,Bora,Guven,1876
84,Ilgaz,Temiz,1876
71,Ceylan,Gursoy,1876
17,Zeki,Aydin,1876
86,Umut,Aksoy,1201
40,Ata,Poyraz,1201
41,Vildan,cetin,1201
26,Kubra,Aslan,1201
53,Irmak,Hasanoglu,1201
23,Gokhan,Avci,1225
36,Ruzgar,Lapsekili,1225
31,Defne,Ekermen,1225
63,Fulya,Gumus,1225
66,Sabri,Gumus,1225
80,Nuh,Tatlibal,1904
23,Mehmet,Alkan,1904
42,Selin,Koc,1904
60,Can Umut,Yildirim,1904
56,Kaya,Sezer,1904
52,Melek,Koksal,1544
68,Sevinc,Orkun,1544
81,Nuh,Kurt,1544
32,Arif,Egemen,1544
64,Defne,Kaplan,1544
48,Zarife,Gumus,1119
82,Gunes,Ulusoy,1119
7,Yagmur,Dereli,1119
45,Mustafa Kemal,Poyraz,1119
57,Ege,Yerliyurt,1119
7,Fatih,Vargil,2103
15,Kutay,ozturk,2103
13,Alara,Alptekin,2103
16,Mustafa,Temiz,2103
75,Deniz Can,celik,2103
48,Suna,Kayali,1158
69,Ruhi,Meteci,1158
39,Ruzgar,simsek,1158
76,Kutay,Orkun,1158
41,Mutlu,Altintas,1158
68,Oktay,Koksal,1891
19,Ali,Parlak,1891
53,Can,Tekin,1891
8,Ziya,Can,1891
31,Zeki,Altin,1891
57,Nurperi,Demir,1897
11,Elif,Bolluk,1897
93,Can Umut,Zincir,1897
40,Fatmanur,Vargil,1897
88,Kevser,Poyraz,1897
74,Mustafa Kemal,Gun,1146
43,Perihan,seker,1146
65,Mine,Yildirim,1146
31,Suna,cetinkaya,1146
92,Ipek,Poyraz,1146
83,Yaprak,Dereli,1228
47,Ipek,Tatlibal,1228
62,Yusuf,Dogan,1228
32,Yunus Emre,Nazim,1228
53,Ali Fatih,Meteci,1228
2,Tuna,Manavgat,1241
62,Yildiz,Levent,1241
51,Doga,Kayali,1241
33,Esra,Yigit,1241
47,Fatma,simsek,1241
76,Koray,Kilic,1908
36,Fatma,Bolluk,1908
59,Mustafa Kemal,cetinkaya,1908
95,Kaan,Koksal,1908
40,Deniz,Koc,1908
5,Ata,Yerliyurt,1332
38,Kemal,Gumus,1332
35,Alev,Yavuz,1332
32,Jale,Fenci,1332
28,Ece,Randa,1332
81,Koray,Kurt,2068
10,Ali Emin,Bilgin,2068
49,Peyami,Aslan,2068
86,Nil,Lapsekili,2068
69,Mehtap,Yilmaz,2068
80,Kaan,Onur,1123
96,Ceyda,sahin,1123
35,Gulay,Onur,1123
47,Utku,Kurtoglu,1123
93,Alev,Egeli,1123
75,Okyay,Aksoy,2069
79,Selin,Tatlibal,2069
89,Deniz,cetin,2069
54,Kemal,Bolluk,2069
16,Mustafa,Koc,2069
56,Okyay,Uslu,207
36,Kevser,Aksu,207
96,Filiz,Genc,207
80,Yildiz,sahin,207
23,Can,Acar,207
76,Canan,Okur,1925
41,Inal,Vargil,1925
71,Hayal,Dogan,1925
3,Selin,sen,1925
62,Gokhan,Altinbas,1925
19,Turgut,caliskan,183
49,Can Ali,sahin,183
97,Ayce,Bozkurt,183
19,Mutlu,Baray,183
37,Orhan,ozkan,183
15,Ece,seker,1125
13,Esra,simsek,1125
61,Damla,Gezgin,1125
38,Kamile,Alptekin,1125
3,Yagmur,Gun,1125
33,Okyay,cetinkaya,1763
20,Hande,Levent,1763
91,Inal,Kayali,1763
18,Kemal,Akman,1763
76,Furkan,Uslu,1763
85,Pamir,Aslan,2072
23,Oya,Koc,2072
5,Gizem,Tuna,2072
35,Tolga,Vargil,2072
66,Defne,Akyol,2072
13,Can,Avci,1879
23,Deniz Can,Bozkurt,1879
15,Ada,Avci,1879
96,Mehtap,Tatlibal,1879
37,Turgut,Egemen,1879
84,Arif,Sevgili,1179
1,Doga,Ilgaz,1179
69,Gunes,Bilgic,1179
93,Uzay,Yerliyurt,1179
89,Vedat,Aksu,1179
11,Ege,cetin,1317
70,Pinar Eda,Tekin,1317
40,Ege,Rasim,1317
49,Oya,Koc,1317
98,Levent,Ekermen,1317
77,Fikret,Koc,1495
78,Ali Emin,Yildirim,1495
100,Fikret,Hasanoglu,1495
46,Burcu,Zincir,1495
71,Jale,Ulusoy,1495
90,Hasan,Zincir,162
100,Altay,Temiz,162
91,Mert,Temiz,162
50,Irmak,Demir,162
44,Jale,Ilgaz,162
54,Murat,cetinkaya,1575
49,Ilgaz,Gursoy,1575
43,Can,Koksal,1575
84,Can Umut,Dogan,1575
46,Aydin,Nazim,1575
42,Ceylan,Altin,1156
93,Ruhi,Bilgic,1156
49,Ali,ozturk,1156
44,Fatmanur,Can,1156
22,Feray,Bilgin,1156
54,Baykam,Onur,1204
3,Gani,Yavuz,1204
98,Esra,Arslan,1204
70,Rahmi,Gezgin,1204
92,Buket,ozdemir,1204
98,Ali Fatih,cetin,191
83,Ceylan,Kayali,191
41,Selin,Genc,191
39,Ayce,Bilgin,191
63,Orhan,Arslan,191
30,Ercan,Zincir,129
89,Bora,sen,129
39,Can,Alptekin,129
38,Eda,Nalbant,129
85,Leyla,Kaplan,129
74,Alara,Sabir,1314
8,Gul,Demir,1314
42,Volkan,Egemen,1314
20,Mehtap,Alptekin,1314
45,Bora,Zeytin,1314
84,Tahsin,Sevgili,187
71,Vildan,Altin,187
23,Binnur,Alkan,187
21,Ruhi,Yigit,187
66,Eren,Orkun,187
9,Yonca,Poyraz,1875
25,Altay,Demir,1875
85,Sabri,Tekin,1875
82,Tahsin,Randa,1875
47,Perihan,ozdemir,1875
98,Orhan,Yigit,1282
8,Ceylan,Hasanoglu,1282
95,Bilge,Bilgili,1282
93,Gokhan,sahin,1282
15,Hande,Yildirim,1282
53,Celil,Guven,1913
37,Eren,Koc,1913
21,Kutay,seker,1913
28,Hasan Ali,Gun,1913
43,Ziya,Egemen,1913
52,Gulay,Kilic,1342
9,Oktay,Ulusoy,1342
8,Kaan,Aksoy,1342
59,Oya,Mutluer,1342
32,Pamir,Gumus,1342
29,Baykam,Kayaman,125
43,Tolga,Nalbant,125
56,Ali,simsek,125
19,Ceylan,Tuna,125
86,Ceren,Bozkurt,125
50,Arzu,Altintas,1258
95,Alev,ozdemir,1258
50,Canan,Kayali,1258
39,Gani,Demir,1258
19,Ilgar,Yilmaz,1258
45,Kerem,Ceviz,2094
39,Beste,Dere,2094
88,Tuna,Genc,2094
9,Ege,Levent,2094
47,Mutlu,Zincir,2094
67,Nur,Genc,1388
12,Arif,seker,1388
40,Irmak,Yerliyurt,1388
71,Mutlu,Altinbas,1388
84,Oktay,Baray,1388
25,Ata,Levent,2095
36,Aleyna,Manavgat,2095
4,Gokhan,Parlak,2095
83,Irmak,Kurt,2095
74,Aydin,Nazim,2095
31,Eda,Altinbas,1129
13,Ceren,Aslan,1129
24,Ali Fatih,seker,1129
3,Eda,Kara,1129
86,Yavuz,Egeli,1129
62,Safa,Rasim,1151
20,Alara,Dere,1151
73,Handan,Aslan,1151
52,Orhon,Tekin,1151
99,Gokhan,Kaya,1151
7,cicek,seker,1883
21,Hasan Ali,Aslan,1883
14,Necdet,Guven,1883
5,Kutay,Bilgin,1883
92,Can,cetinkaya,1883
46,Suna,Dereli,1308
50,Gulay,Kara,1308
14,Perihan,Aydin,1308
55,Adem,Kurt,1308
97,Yagmur,Avci,1308
98,Safa,Yavuz,1679
40,Baran,Kilic,1679
50,Ayce,Levent,1679
13,Ercan,Kayaman,1679
43,Doruk,Aksoy,1679
74,Aydin,Altin,1113
84,Erhan,Rasim,1113
41,Esin,Dal,1113
38,Deniz,Tatlibal,1113
58,Pinar Eda,Tekin,1113
93,Perihan,Hasanoglu,1141
61,Tahsin,Bolluk,1141
57,Esin,Tuna,1141
29,cicek,Rasim,1141
15,Seha,Yilmaz,1141
71,Kevser,Yenen,115
77,Mine,Altin,115
65,Sema,Rasim,115
17,Handan,Yildirim,115
7,Leyla,Aksu,115
13,Zarife,Meteci,1775
74,Koray,Ilgaz,1775
32,Fikret,Kaya,1775
63,Irmak,Altintas,1775
87,Eda,Karakaya,1775
72,Yagmur,Yilmaz,1896
76,Mustafa Kemal,ozturk,1896
97,Volkan,Avci,1896
69,Oya,Bolluk,1896
9,Erhan,Nalbant,1896
20,Nuh,Vargil,1247
46,Bilge,Guven,1247
40,Ceyda,Kurt,1247
81,Melek,Gezgin,1247
10,Baran,Can,1247
7,Elif,Bozkurt,1397
75,Berki,Bozkurt,1397
39,Sema,Limoncu,1397
99,Ayse,Baray,1397
7,Irmak,Ceviz,1397
77,cicek,Sevgili,1518
99,Murat Ali,Kaya,1518
21,Zeren,Bilgin,1518
81,Ali,seker,1518
67,Ege,Aydin,1518
16,Elif Eda,Sezer,1688
85,Inal,Kurtoglu,1688
62,Mert,Baray,1688
19,Efe,Ceviz,1688
93,Ata,Egemen,1688
80,Can Ali,Dogan,1541
100,Ata,ozturk,1541
67,Melek,Coskun,1541
6,Ege,Parlak,1541
21,Doga,Meteci,1541
59,Eser,Gezgin,1194
80,Utku,Fenci,1194
95,Ali,Kaya,1194
10,Ada,Demir,1194
7,Inci,Kayali,1194
99,ulku,seker,1209
61,Turgut,ozturk,1209
82,Mehtap,Kayali,1209
44,Necdet,Kurt,1209
96,Alev,Kayali,1209
70,Mehmet,Akyol,122
53,Alev,Sezer,122
89,Filiz,Kayaman,122
74,Naz,Kara,122
62,Tulin,Alptekin,122
95,Doga,Acar,2091
46,Fikret,Akyol,2091
13,Tulin,Yerliyurt,2091
91,Yunus Emre,Karakaya,2091
90,Furkan,ozyurt,2091
50,Mehtap,Limoncu,1378
65,Fatih,Yilmaz,1378
53,Koray,seker,1378
92,Utku,Can,1378
94,Derya,Levent,1378
81,Ayse,cetinkaya,117
84,Orhan,Demir,117
39,Ruhi,Tatlibal,117
73,Ayse,cetin,117
84,Turgut,Ceviz,117
86,Sevda,Egeli,1323
96,Umut,Kaya,1323
37,Buket,Koksal,1323
84,Doga,Genc,1323
21,Leyla,Bilgin,1323
45,Yunus,Altinbas,1436
76,Kemal,Ulusoy,1436
26,Gokhan,simsek,1436
66,Peyami,Egeli,1436
52,Berki,Dere,1436
30,Mehmet,cetin,1704
35,Mustafa Ali,Kara,1704
100,Ali Fatih,Guven,1704
26,Necdet,Acar,1704
12,Inci,Yildiz,1704
99,Burcu,ozkan,1629
99,Ege,Sezer,1629
60,Oya,Vargil,1629
68,Berki,Gezgin,1629
70,Naz,Altin,1629
67,Binnur,Tekin,177
43,Mehtap,Koksal,177
92,Rahmi,celik,177
24,Peyami,Alptekin,177
20,Kaya,Kurtoglu,177
71,Kamile,Guven,1175
37,Pinar,Guven,1175
91,Banu,Aksu,1175
1,Esin,Okur,1175
53,Turgut,Baray,1175
99,Ali Emin,Nazim,1786
5,Can,Gumus,1786
21,Sema,Alptekin,1786
79,Suna,Egemen,1786
19,Ceylan,Genc,1786
42,Filiz,Bilgili,1236
79,Mine,Kayaman,1236
27,Ruhi,Ulusoy,1236
8,Ece,Tekin,1236
,,,1236
,,,1918
,,,1918
,,,1918
,,,1918
,,,1918
,,,1117
,,,1117
,,,1117
,,,1117
,,,1117
,,,1877
,,,1877
,,,1877
,,,1877
,,,1877
,,,1198
,,,1198
,,,1198
,,,1198
,,,1198
,,,1895
,,,1895
,,,1895
,,,1895
,,,1895
,,,1242
,,,1242
,,,1242
,,,1242
,,,1242
,,,1758
,,,1758
,,,1758
,,,1758
,,,1758
,,,124
,,,124
,,,124
,,,124
,,,124
,,,1276
,,,1276
,,,1276
,,,1276
,,,1276
,,,1313
,,,1313
,,,1313
,,,1313
,,,1313
,,,1926
,,,1926
,,,1926
,,,1926
,,,1926
,,,186
,,,186
,,,186
,,,186
,,,186
,,,1921
,,,1921
,,,1921
,,,1921
,,,1921
,,,1932
,,,1932
,,,1932
,,,1932
,,,1932
,,,1861
,,,1861
,,,1861
,,,1861
,,,1861
,,,112
,,,112
,,,112
,,,112
,,,112
,,,1767
,,,1767
,,,1767
,,,1767
,,,1767
,,,1788
,,,1788
,,,1788
,,,1788
,,,1788
,,,1176
,,,1176
,,,1176
,,,1176
,,,1176
,,,1768
,,,1768
,,,1768
,,,1768
,,,1768
,,,1884
,,,1884
,,,1884
,,,1884
,,,1884
,,,1316
,,,1316
,,,1316
,,,1316
,,,1316
,,,1862
,,,1862
,,,1862
,,,1862
,,,1862
,,,1439
,,,1439
,,,1439
,,,1439
,,,1439
,,,188
,,,188
,,,188
,,,188
,,,188
,,,1882
,,,1882
,,,1882
,,,1882
,,,1882
,,,1901
,,,1901
,,,1901
,,,1901
,,,1901
,,,1268
,,,1268
,,,1268
,,,1268
,,,1268
,,,1954
,,,1954
,,,1954
,,,1954
,,,1954
,,,1184
,,,1184
,,,1184
,,,1184
,,,1184
,,,1345
,,,1345
,,,1345
,,,1345
,,,1345
,,,1941
,,,1941
,,,1941
,,,1941
,,,1941
,,,1487
,,,1487
,,,1487
,,,1487
,,,1487
,,,1174
,,,1174
,,,1174
,,,1174
,,,1174
,,,1189
,,,1189
,,,1189
,,,1189
,,,1189
,,,1223
,,,1223
,,,1223
,,,1223
,,,1223
,,,1931
,,,1931
,,,1931
,,,1931
,,,1931
,,,1403
,,,1403
,,,1403
,,,1403
,,,1403
,,,1661
,,,1661
,,,1661
,,,1661
,,,1661
,,,1761
,,,1761
,,,1761
,,,1761
,,,1761
,,,1496
,,,1496
,,,1496
,,,1496
,,,1496
,,,1172
,,,1172
,,,1172
,,,1172
,,,1172
,,,1701
,,,1701
,,,1701
,,,1701
,,,1701
,,,1252
,,,1252
,,,1252
,,,1252
,,,1252
,,,2008
,,,2008
,,,2008
,,,2008
,,,2008
,,,1356
,,,1356
,,,1356
,,,1356
,,,1356
,,,138
,,,138
,,,138
,,,138
,,,138
,,,1144
,,,1144
,,,1144
,,,1144
,,,1144
,,,1142
,,,1142
,,,1142
,,,1142
,,,1142
,,,2011
,,,2011
,,,2011
,,,2011
,,,2011
,,,1398
,,,1398
,,,1398
,,,1398
,,,1398
,,,1692
,,,1692
,,,1692
,,,1692
,,,1692
,,,2019
,,,2019
,,,2019
,,,2019
,,,2019
,,,202
,,,202
,,,202
,,,202
,,,202
,,,2021
,,,2021
,,,2021
,,,2021
,,,2021
,,,2022
,,,2022
,,,2022
,,,2022
,,,2022
,,,1716
,,,1716
,,,1716
,,,1716
,,,1716
,,,1296
,,,1296
,,,1296
,,,1296
,,,1296
,,,1321
,,,1321
,,,1321
,,,1321
,,,1321
,,,1433
,,,1433
,,,1433
,,,1433
,,,1433
,,,1561
,,,1561
,,,1561
,,,1561
,,,1561
,,,1587
,,,1587
,,,1587
,,,1587
,,,1587
,,,2023
,,,2023
,,,2023
,,,2023
,,,2023
,,,1476
,,,1476
,,,1476
,,,1476
,,,1476
,,,2024
,,,2024
,,,2024
,,,2024
,,,2024
,,,2025
,,,2025
,,,2025
,,,2025
,,,2025
,,,1165
,,,1165
,,,1165
,,,1165
,,,1165
,,,1743
,,,1743
,,,1743
,,,1743
,,,1743
,,,2027
,,,2027
,,,2027
,,,2027
,,,2027
,,,1423
,,,1423
,,,1423
,,,1423
,,,1423
,,,156
,,,156
,,,156
,,,156
,,,156
,,,1116
,,,1116
,,,1116
,,,1116
,,,1116
,,,1784
,,,1784
,,,1784
,,,1784
,,,1784
,,,1905
,,,1905
,,,1905
,,,1905
,,,1905
,,,1794
,,,1794
,,,1794
,,,1794
,,,1794
,,,2017
,,,2017
,,,2017
,,,2017
,,,2017
